<?xml version="1.0" encoding="UTF-8" ?>
<module>
    <name>egguarantees</name>
    <displayName><![CDATA[Guarantees]]></displayName>
    <version><![CDATA[1.0.0]]></version>
    <description><![CDATA[Displays guarantees on the front office.]]></description>
    <author><![CDATA[Your Name]]></author>
    <tab><![CDATA[front_office_features]]></tab>
	<confirmUninstall><![CDATA[Are you sure you want to uninstall?]]></confirmUninstall>
    <is_configurable>0</is_configurable>
    <need_instance>0</need_instance>
</module>