<?xml version="1.0" encoding="UTF-8" ?>
<module>
    <name>egchoicehome</name>
    <displayName><![CDATA[Block Pourquoi Choisir]]></displayName>
    <version><![CDATA[1.0.1]]></version>
    <description><![CDATA[Display Block Pourquoi Choisir]]></description>
    <author><![CDATA[Egio digital]]></author>
    <tab><![CDATA[front_office_features]]></tab>
	<confirmUninstall><![CDATA[Are you sure you want to uninstall?]]></confirmUninstall>
    <is_configurable>1</is_configurable>
    <need_instance>0</need_instance>
</module>